First name,Last name,Country,City
Randy,Walker,United Kingdom,London
Jasper,Jackson,United Kingdom,London
Xzavier,Jones,United Kingdom,London
Kyler,Jackson,United Kingdom,London
Caden,Wright,United Kingdom,London
Uriah,Robinson,United Kingdom,London
Tru,Jackson,United Kingdom,London
Odin,Williams,United Kingdom,London
Brantley,Evans,United Kingdom,London
Jase,Clark,United Kingdom,London
Jamari,Jones,United Kingdom,London
Allen,Wood,United Kingdom,London
Frederick,Robinson,United Kingdom,London
Cayden,Wright,United Kingdom,London
Damian,Clark,United Kingdom,London
Marlon,Johnson,United Kingdom,London
Russell,Green,United Kingdom,London
Drake,White,United Kingdom,London
Judah,Brown,United Kingdom,London
Ricky,Jones,United Kingdom,London
Zechariah,Williams,United Kingdom,London
Jesus,White,United Kingdom,London
Duncan,Williams,United Kingdom,London
Jeremias,Wright,United Kingdom,London
Lochlan,Walker,United Kingdom,London
Xzavier,Jones,United Kingdom,Manchester
Kyler,Jackson,United Kingdom,Manchester
Caden,Wright,United Kingdom,Manchester
Uriah,Robinson,United Kingdom,Manchester
Tru,Jackson,United Kingdom,Manchester
Odin,Williams,United Kingdom,Manchester
Brantley,Evans,United Kingdom,Manchester
Jase,Clark,United Kingdom,Manchester
Jamari,Jones,United Kingdom,Manchester
Allen,Wood,United Kingdom,Manchester
Frederick,Robinson,United Kingdom,Manchester
Cayden,Wright,United Kingdom,Manchester
Damian,Clark,United Kingdom,Manchester
Marlon,Johnson,United Kingdom,Manchester
Russell,Green,United Kingdom,Manchester
Drake,White,United Kingdom,Manchester
Judah,Brown,United Kingdom,Manchester
Ricky,Jones,United Kingdom,Manchester
Zechariah,Williams,United Kingdom,Manchester
Jesus,White,United Kingdom,Manchester
Duncan,Williams,United Kingdom,Manchester
Jeremias,Wright,United Kingdom,Manchester
Lochlan,Walker,United Kingdom,Manchester
Otto,Smith,United Kingdom,Manchester
Brennan,Johnson,United Kingdom,Manchester
Uriah,Leroy,France,Paris
Tru,Vincent,France,Paris
Odin,Robert,France,Paris
Brantley,Laurent,France,Paris
Jase,Fournier,France,Paris
Jamari,Bernard,France,Paris
Allen,Bonnet,France,Paris
Frederick,Leroy,France,Paris
Cayden,Moreau,France,Paris
Damian,Fournier,France,Paris
Marlon,Petit,France,Paris
Russell,David,France,Paris
Drake,Michel,France,Paris
Judah,Thomas,France,Paris
Ricky,Bernard,France,Paris
Zechariah,Lefèvre,France,Paris
Jesus,Michel,France,Paris
Duncan,Martinez,France,Paris
Jeremias,Mercier,France,Paris
Lochlan,Lefebvre,France,Paris
Otto,Mercier,France,Paris
Brennan,Martinez,France,Paris
Jamir,David,France,Paris
Sawyer,Lefèvre,France,Paris
Dexter,Dubois,France,Paris
Odin,Robert,France,Lyon
Brantley,Laurent,France,Lyon
Jase,Fournier,France,Lyon
Jamari,Bernard,France,Lyon
Allen,Bonnet,France,Lyon
Frederick,Leroy,France,Lyon
Cayden,Moreau,France,Lyon
Damian,Fournier,France,Lyon
Marlon,Petit,France,Lyon
Russell,David,France,Lyon
Drake,Michel,France,Lyon
Judah,Thomas,France,Lyon
Ricky,Bernard,France,Lyon
Zechariah,Lefèvre,France,Lyon
Jesus,Michel,France,Lyon
Duncan,Martinez,France,Lyon
Jeremias,Mercier,France,Lyon
Lochlan,Lefebvre,France,Lyon
Otto,Mercier,France,Lyon
Brennan,Martinez,France,Lyon
Jamir,David,France,Lyon
Sawyer,Lefèvre,France,Lyon
Dexter,Dubois,France,Lyon
Benson,Dupont,France,Lyon
Ethan,David,France,Lyon
Jamari,Müller,Germany,Berlin
Allen,Becker,Germany,Berlin
Frederick,Meyer,Germany,Berlin
Cayden,Meyer,Germany,Berlin
Damian,Hoffmann,Germany,Berlin
Marlon,Fischer,Germany,Berlin
Russell,Schulz,Germany,Berlin
Drake,Wagner,Germany,Berlin
Judah,Schmidt,Germany,Berlin
Ricky,Müller,Germany,Berlin
Zechariah,Schneider,Germany,Berlin
Jesus,Wagner,Germany,Berlin
Duncan,Schneider,Germany,Berlin
Jeremias,Meyer,Germany,Berlin
Lochlan,Wagner,Germany,Berlin
Otto,Müller,Germany,Berlin
Brennan,Fischer,Germany,Berlin
Jamir,Schulz,Germany,Berlin
Sawyer,Schneider,Germany,Berlin
Dexter,Schmidt,Germany,Berlin
Benson,Meyer,Germany,Berlin
Ethan,Schulz,Germany,Berlin
Robert,Fischer,Germany,Berlin
Arturo,Schneider,Germany,Berlin
Quentin,Weber,Germany,Berlin
Frederick,Meyer,Germany,Munich
Cayden,Meyer,Germany,Munich
Damian,Hoffmann,Germany,Munich
Marlon,Fischer,Germany,Munich
Russell,Schulz,Germany,Munich
Drake,Wagner,Germany,Munich
Judah,Schmidt,Germany,Munich
Ricky,Müller,Germany,Munich
Zechariah,Schneider,Germany,Munich
Jesus,Wagner,Germany,Munich
Duncan,Schneider,Germany,Munich
Jeremias,Meyer,Germany,Munich
Lochlan,Wagner,Germany,Munich
Otto,Müller,Germany,Munich
Brennan,Fischer,Germany,Munich
Jamir,Schulz,Germany,Munich
Sawyer,Schneider,Germany,Munich
Dexter,Schmidt,Germany,Munich
Benson,Meyer,Germany,Munich
Ethan,Schulz,Germany,Munich
Robert,Fischer,Germany,Munich
Arturo,Schneider,Germany,Munich
Quentin,Weber,Germany,Munich
Dexter,Weber,Germany,Munich
Kane,Müller,Germany,Munich
Marlon,Díaz,Spain,Madrid
Russell,Suárez,Spain,Madrid
Drake,Ramos,Spain,Madrid
Judah,Pérez,Spain,Madrid
Ricky,González,Spain,Madrid
Zechariah,Gómez,Spain,Madrid
Jesus,Ramos,Spain,Madrid
Duncan,Martín,Spain,Madrid
Jeremias,Gutiérrez,Spain,Madrid
Lochlan,Vázquez,Spain,Madrid
Otto,García,Spain,Madrid
Brennan,Jiménez,Spain,Madrid
Jamir,Suárez,Spain,Madrid
Sawyer,Martín,Spain,Madrid
Dexter,López,Spain,Madrid
Benson,Gutiérrez,Spain,Madrid
Ethan,Suárez,Spain,Madrid
Robert,Díaz,Spain,Madrid
Arturo,Ruiz,Spain,Madrid
Quentin,Domínguez,Spain,Madrid
Dexter,Torres,Spain,Madrid
Kane,Rodríguez,Spain,Madrid
Chaim,Marín,Spain,Madrid
Sam,Ramos,Spain,Madrid
Oscar,Muñoz,Spain,Madrid
Drake,Ramos,Spain,Barcelona
Judah,Pérez,Spain,Barcelona
Ricky,González,Spain,Barcelona
Zechariah,Gómez,Spain,Barcelona
Jesus,Ramos,Spain,Barcelona
Duncan,Martín,Spain,Barcelona
Jeremias,Gutiérrez,Spain,Barcelona
Lochlan,Vázquez,Spain,Barcelona
Otto,García,Spain,Barcelona
Brennan,Jiménez,Spain,Barcelona
Jamir,Suárez,Spain,Barcelona
Sawyer,Martín,Spain,Barcelona
Dexter,López,Spain,Barcelona
Benson,Gutiérrez,Spain,Barcelona
Ethan,Suárez,Spain,Barcelona
Robert,Díaz,Spain,Barcelona
Arturo,Ruiz,Spain,Barcelona
Quentin,Domínguez,Spain,Barcelona
Dexter,Torres,Spain,Barcelona
Kane,Rodríguez,Spain,Barcelona
Chaim,Marín,Spain,Barcelona
Sam,Ramos,Spain,Barcelona
Oscar,Muñoz,Spain,Barcelona
Adan,Ortiz,Spain,Barcelona
Clark,Torres,Spain,Barcelona
Zechariah,Montanari,Italy,Milan
Jesus,Grasso,Italy,Milan
Duncan,Rizzo,Italy,Milan
Jeremias,Ferretti,Italy,Milan
Lochlan,Fabbri,Italy,Milan
Otto,Valente,Italy,Milan
Brennan,Santoro,Italy,Milan
Jamir,Carbone,Italy,Milan
Sawyer,Castelli,Italy,Milan
Dexter,Greco,Italy,Milan
Benson,Marchetti,Italy,Milan
Ethan,Valentini,Italy,Milan
Robert,Leone,Italy,Milan
Arturo,Fontana,Italy,Milan
Quentin,Parisi,Italy,Milan
Dexter,Lombardo,Italy,Milan
Kane,Bruno,Italy,Milan
Chaim,Cattaneo,Italy,Milan
Sam,Grasso,Italy,Milan
Oscar,Serra,Italy,Milan
Adan,Giuliani,Italy,Milan
Clark,Lombardo,Italy,Milan
Sam,Costa,Italy,Milan
Lincoln,De Santis,Italy,Milan
Johnathan,Martino,Italy,Milan
Duncan,Rizzo,Italy,Rome
Jeremias,Ferretti,Italy,Rome
Lochlan,Fabbri,Italy,Rome
Otto,Valente,Italy,Rome
Brennan,Santoro,Italy,Rome
Jamir,Carbone,Italy,Rome
Sawyer,Castelli,Italy,Rome
Dexter,Greco,Italy,Rome
Benson,Marchetti,Italy,Rome
Ethan,Valentini,Italy,Rome
Robert,Leone,Italy,Rome
Arturo,Fontana,Italy,Rome
Quentin,Parisi,Italy,Rome
Dexter,Lombardo,Italy,Rome
Kane,Bruno,Italy,Rome
Chaim,Cattaneo,Italy,Rome
Sam,Grasso,Italy,Rome
Oscar,Serra,Italy,Rome
Adan,Giuliani,Italy,Rome
Clark,Lombardo,Italy,Rome
Sam,Costa,Italy,Rome
Lincoln,De Santis,Italy,Rome
Johnathan,Martino,Italy,Rome
Kairo,Grasso,Italy,Rome
Avi,Greco,Italy,Rome
